{"NR": 2994, "NC": 2463, "RXN": 349752.34520000033, "RYX": 1219661.263675142, "CS": 200.0, "CRS": "EPSG:32647", "fields": ["Alloc", "F2", "A2", "U2", "Ind2", "Cons", "LU"]}